"STAR_KEY"|"fkey"|"Detailed Structure"
3|"FWL"|"FWL,Marik Commonwealth"
7|"LC"|"LC,Protectorate of Donegal,Alarion Province"
8|"RW"|"RW,Timbuktu Province"
9|"DC"|"DC,Pesht Military District,Ningxia Prefecture"
10|"RW"|"RW,Finmark Province"
15|"TH"|"TH,Terra Firma Province"
18|"OA"|"OA,Onverwacht Province"
22|"FWL"|"FWL"
23|"FWL"|"FWL,Marik Commonwealth"
34|"FS"|"FS,Draconis March,Woodbine Operational Area,Region 1"
36|"MOC"|"MOC,Canopus District"
42|"FS"|"FS,Crucis March,Minette Operational Area,Point Barrow Combat Region"
47|"LC"|"LC,Protectorate of Donegal,Alarion Province"
48|"LC"|"LC,Tamar Pact,Camlann Shire"
50|"FWL"|"FWL"
51|"TH"|"TH,Lockdale Province"
52|"LC"|"LC,Protectorate of Donegal,Alarion Province,Minor Capital"
55|"LC"|"LC,Protectorate of Donegal,Alarion Province"
58|"CC"|"CC,St. Ives Commonality,Region 3"
61|"DC"|"DC,Benjamin Military District,Irurzun Prefecture"
62|"OA"|"OA,Ramora Province"
69|"CC"|"CC,Tikonov Commonality,Region 4"
70|"LC"|"LC,Federation of Skye,Rahneshire"
75|"LC"|"LC,Federation of Skye,Isle of Skye"
76|"FWL"|"FWL"
79|"DC"|"DC,Rasalhague Military District,Radstadt Prefecture"
80|"FS"|"FS,Draconis March,Fairfax Operational Area,Region 1"
82|"CC"|"CC,Chesterton Commonality"
86|"FWL"|"FWL"
87|"TH"|"TH,Lockdale Province"
90|"OA"|"OA,Alpheratz Province,Faction Capital"
91|"LC"|"LC,Federation of Skye,Isle of Skye"
93|"FS"|"FS,Crucis March,Chirikof Operational Area,Region 1"
96|"FS"|"FS,Draconis March,Woodbine Operational Area,Region 1"
103|"TC"|"TC,Dumassas Region"
104|"CC"|"CC,St. Ives Commonality,Region 3"
105|"DC"|"DC,Pesht Military District,Bjarred Prefecture"
108|"CC"|"CC,Sian Commonality,Region 3"
109|"LC"|"LC,Protectorate of Donegal,Furillo Province"
113|"TC"|"TC,Perdition Union"
116|"RW"|"RW,Apollo Province"
118|"FWL"|"FWL"
145|"TH"|"TH"
149|"FWL"|"FWL,Duchy of Andurien"
150|"RW"|"RW,Apollo Province"
153|"CC"|"CC,Sarna Commonality,Region 6"
158|"DC"|"DC,Benjamin Military District,Irurzun Prefecture"
160|"CC"|"CC,Sian Commonality,Region 13"
161|"LC"|"LC,Protectorate of Donegal,Alarion Province"
166|"LC"|"LC,Protectorate of Donegal,District of Donegal"
167|"LC"|"LC,Protectorate of Donegal,District of Donegal"
175|"RW"|"RW,Apollo Province"
178|"CC"|"CC,St. Ives Commonality,Region 2"
180|"RW"|"RW,Erdvynn Province"
182|"FS"|"FS,Draconis March,Woodbine Operational Area,Region 2"
183|"FS"|"FS,Draconis March,Woodbine Operational Area,Region 1"
184|"TC"|"TC,Brinton Union"
185|"FS"|"FS,Crucis March,Minette Operational Area,Anjin Muerto Combat Region"
186|"FS"|"FS,Crucis March,Chirikof Operational Area,Region 2"
188|"FWL"|"FWL,Marik Commonwealth"
193|"CC"|"CC,Sarna Commonality,Region 2"
198|"TH"|"TH,Lone Star Province"
200|"CC"|"CC,St. Ives Commonality,Region 7"
209|"FWL"|"FWL,Marik Commonwealth"
210|"FS"|"FS,Crucis March,Markesan Operational Area,Region 3"
218|"FWL"|"FWL,Marik Commonwealth"
219|"CC"|"CC,St. Ives Commonality,Region 6"
224|"RW"|"RW,Apollo Province"
225|"CC"|"CC,Sarna Commonality,Region 7"
229|"TH"|"TH,Terra Firma Province"
233|"CC"|"CC,St. Ives Commonality,Region 6"
234|"DC"|"DC,Galedon Military District,New Samarkand Prefecture"
237|"RW"|"RW,Apollo Province"
238|"FS"|"FS,Capellan March,Kathil Operational Area,Region 2"
243|"LC"|"LC,Federation of Skye,Virginia Shire"
244|"MOC"|"MOC,Ballad Province,Major Capital"
254|"OA"|"OA,Traders Domain"
257|"FS"|"FS,Crucis March,Chirikof Operational Area,Region 3"
259|"FWL"|"FWL"
262|"FS"|"FS,Crucis March,Markesan Operational Area,Region 1"
273|"LC"|"LC,Protectorate of Donegal,Alarion Province"
274|"FS"|"FS,Crucis March,Markesan Operational Area,Region 1"
275|"RW"|"RW,Apollo Province"
278|"FS"|"FS,Crucis March,Minette Operational Area,Anjin Muerto Combat Region"
283|"RW"|"RW,Timbuktu Province"
284|"FWL"|"FWL,Stewart Confederation"
286|"FS"|"FS,Capellan March,Taygeta Operational Area,Region 1"
288|"DC"|"DC,Benjamin Military District,Kajikazawa Prefecture"
290|"FS"|"FS,Crucis March,Chirikof Operational Area,Region 2"
291|"CC"|"CC,Sian Commonality,Region 6"
292|"CC"|"CC,Sarna Commonality,Region 2"
295|"FS"|"FS,Crucis March,Markesan Operational Area,Region 3"
298|"CC"|"CC,Tikonov Commonality,Region 1"
299|"FS"|"FS,Draconis March,Woodbine Operational Area,Region 1"
305|"RW"|"RW,Apollo Province"
312|"DC"|"DC,Galedon Military District,Kaznejoy Prefecture"
315|"FS"|"FS,Capellan March,Kathil Operational Area,Region 2"
317|"MOC"|"MOC,Canopus District"
318|"FS"|"FS,Draconis March,Fairfax Operational Area,Region 1"
322|"CC"|"CC,St. Ives Commonality,Region 1"
324|"RW"|"RW,Apollo Province"
327|"LC"|"LC,Protectorate of Donegal,Alarion Province"
328|"FWL"|"FWL"
332|"FWL"|"FWL,Principality of Regulus"
342|"CC"|"CC,St. Ives Commonality,Region 5"
343|"FS"|"FS,Capellan March,Taygeta Operational Area,Region 1"
344|"OA"|"OA,Blommestein Province,Major Capital"
350|"LC"|"LC,Protectorate of Donegal,Coventry Province"
351|"RW"|"RW,Apollo Province"
352|"CC"|"CC,Capella Commonality,Region 6"
354|"CC"|"CC,St. Ives Commonality,Region 7"
361|"FWL"|"FWL"
364|"MOC"|"MOC,Canopus District"
369|"MOC"|"MOC,Canopus District"
371|"CC"|"CC,Andurien Commonality,Region 2"
373|"RW"|"RW,Apollo Province"
377|"LC"|"LC,Protectorate of Donegal,District of Donegal"
380|"FS"|"FS,Capellan March,Kathil Operational Area,Region 2"
382|"FS"|"FS,Capellan March,Kathil Operational Area,Region 2"
385|"DC"|"DC,Benjamin Military District,Xinyang Prefecture"
388|"FS"|"FS,Draconis March,Woodbine Operational Area,Region 1"
389|"CC"|"CC,Sian Commonality,Region 8"
390|"LC"|"LC,Protectorate of Donegal,District of Donegal"
402|"FS"|"FS,Crucis March,Minette Operational Area,Broken Wheel Combat Region"
403|"FS"|"FS,Capellan March,Taygeta Operational Area,Region 2"
404|"FS"|"FS,Draconis March,Woodbine Operational Area,Region 1"
407|"DC"|"DC,Rasalhague Military District,Radstadt Prefecture"
410|"TH"|"TH,Alliance Core"
411|"DC"|"DC,Galedon Military District,Kaznejoy Prefecture"
418|"LC"|"LC,Protectorate of Donegal,Alarion Province"
421|"LC"|"LC,Tamar Pact,Trellshire"
424|"MOC"|"MOC,Ballad Province"
426|"DC"|"DC,Pesht Military District,Bjarred Prefecture"
427|"TC"|"TC,Dumassas Region"
428|"DC"|"DC,Benjamin Military District,Kajikazawa Prefecture"
436|"RW"|"RW,Timbuktu Province"
439|"LC"|"LC,Protectorate of Donegal,Coventry Province"
444|"LC"|"LC,Protectorate of Donegal,District of Donegal"
445|"FWL"|"FWL,Federation of Oriente"
448|"RW"|"RW,Erdvynn Province"
449|"TC"|"TC,Hyades Union"
463|"FWL"|"FWL,Duchy of Andurien"
465|"CC"|"CC,Capella Commonality,Region 2,Major Capital"
467|"TH"|"TH,Terra Firma Province"
468|"DC"|"DC,Galedon Military District,Kaznejoy Prefecture"
470|"DC"|"DC,Pesht Military District,Bjarred Prefecture"
471|"CC"|"CC,Capella Commonality,Region 6"
472|"FS"|"FS,Draconis March,Fairfax Operational Area,Region 2"
473|"LC"|"LC,Protectorate of Donegal,Alarion Province"
474|"FS"|"FS,Capellan March,Kathil Operational Area,Region 2"
475|"DC"|"DC,Pesht Military District,Kagoshima Prefecture"
478|"OA"|"OA,Blommestein Province"
480|"FS"|"FS,Capellan March,Taygeta Operational Area,Region 2"
483|"LC"|"LC,Tamar Pact,Camlann Shire"
489|"FS"|"FS,Draconis March,Robinson Operational Area,Region 1"
490|"DC"|"DC,Rasalhague Military District,Tinaca Prefecture"
491|"DC"|"DC,Galedon Military District,Kaznejoy Prefecture"
499|"FWL"|"FWL,Principality of Regulus"
501|"OA"|"OA,Blommestein Province"
502|"DC"|"DC,Benjamin Military District,Proserpina Prefecture"
506|"OA"|"OA,Cerberus Province,Major Capital"
507|"FWL"|"FWL,Rim Commonality"
508|"FWL"|"FWL"
520|"DC"|"DC,Pesht Military District,Pusht-i-rud Prefecture"
524|"FS"|"FS,Crucis March,Markesan Operational Area,Region 2"
527|"FS"|"FS,Draconis March,Fairfax Operational Area,Region 2"
529|"FS"|"FS,Crucis March,Markesan Operational Area,Region 3"
532|"CC"|"CC,Sian Commonality,Region 8"
538|"DC"|"DC,Benjamin Military District,Ashio Prefecture"
539|"FS"|"FS,Capellan March,Taygeta Operational Area,Region 1"
545|"TH"|"TH,Terra Firma Province"
552|"FS"|"FS,Draconis March,Fairfax Operational Area,Region 2"
556|"DC"|"DC,Pesht Military District,Bjarred Prefecture"
559|"DC"|"DC,Galedon Military District,Kaznejoy Prefecture"
561|"RW"|"RW,Erdvynn Province"
566|"RW"|"RW,Apollo Province"
571|"FS"|"FS,Draconis March,Woodbine Operational Area,Region 2"
574|"FWL"|"FWL"
575|"FWL"|"FWL"
578|"LC"|"LC,Tamar Pact,Tamar Domains"
579|"FS"|"FS,Crucis March,Markesan Operational Area,Region 3"
580|"FS"|"FS,Crucis March,Chirikof Operational Area,Region 1"
583|"FWL"|"FWL"
587|"CC"|"CC,Andurien Commonality,Region 1"
590|"CC"|"CC,Chesterton Commonality"
593|"LC"|"LC,Federation of Skye,Isle of Skye"
598|"CC"|"CC,Sarna Commonality,Region 1"
599|"DC"|"DC,Rasalhague Military District,Tinaca Prefecture"
605|"DC"|"DC,Benjamin Military District,Xinyang Prefecture"
606|"FS"|"FS,Crucis March,Markesan Operational Area,Region 1"
608|"CC"|"CC,St. Ives Commonality,Region 6"
609|"DC"|"DC,Pesht Military District,Coudoux Prefecture,Minor Capital"
610|"CC"|"CC,Sian Commonality,Region 11"
611|"DC"|"DC,Rasalhague Military District,Trondheim Prefecture"
612|"FS"|"FS,Draconis March,Fairfax Operational Area,Region 1"
614|"FS"|"FS,Crucis March,Minette Operational Area,Point Barrow Combat Region"
617|"FS"|"FS,Capellan March,Taygeta Operational Area,Region 2"
619|"FWL"|"FWL,Regulan Free States"
620|"RW"|"RW,Apollo Province"
622|"OA"|"OA,Ramora Province"
627|"FS"|"FS,Draconis March,Fairfax Operational Area,Region 1"
628|"RW"|"RW,Erdvynn Province"
629|"RW"|"RW,Apollo Province"
631|"FS"|"FS,Crucis March,Chirikof Operational Area,Region 3"
632|"OA"|"OA,Cerberus Province"
635|"FWL"|"FWL"
636|"CC"|"CC,Andurien Commonality,Region 2"
637|"FS"|"FS,Draconis March,Robinson Operational Area,Region 2"
641|"CC"|"CC,Tikonov Commonality,Region 2"
649|"FWL"|"FWL"
650|"CC"|"CC,Andurien Commonality,Region 1"
653|"FWL"|"FWL,Federation of Oriente"
655|"DC"|"DC,Rasalhague Military District,Trondheim Prefecture"
657|"FWL"|"FWL,Federation of Oriente"
658|"CC"|"CC,St. Ives Commonality,Region 3"
659|"OA"|"OA,Traders Domain"
660|"CC"|"CC,Andurien Commonality,Region 2"
663|"LC"|"LC,Protectorate of Donegal,Furillo Province"
666|"DC"|"DC,Benjamin Military District,Proserpina Prefecture"
667|"FS"|"FS,Crucis March,Minette Operational Area,Tsamma Combat Region"
668|"DC"|"DC,Rasalhague Military District,Radstadt Prefecture"
672|"CC"|"CC,Sian Commonality,Region 9"
673|"FS"|"FS,Crucis March,Markesan Operational Area,Region 2"
674|"CC"|"CC,Sian Commonality,Region 5"
675|"FS"|"FS,Crucis March,Minette Operational Area,Point Barrow Combat Region"
677|"LC"|"LC,Protectorate of Donegal,Coventry Province"
680|"RW"|"RW,Finmark Province"
681|"FS"|"FS,Crucis March,Markesan Operational Area,Region 3"
684|"FS"|"FS,Draconis March,Woodbine Operational Area,Region 2"
689|"TH"|"TH,Lockdale Province"
690|"TH"|"TH,Tyrfing Province"
696|"DC"|"DC,Galedon Military District,Matsuida Prefecture"
700|"TH"|"TH,Tyrfing Province"
715|"FWL"|"FWL"
716|"CC"|"CC,Sian Commonality,Region 3"
717|"RW"|"RW,Finmark Province"
721|"RW"|"RW,Apollo Province"
722|"FS"|"FS,Crucis March,Markesan Operational Area,Region 3"
723|"LC"|"LC,Protectorate of Donegal,Furillo Province"
726|"FS"|"FS,Draconis March,Robinson Operational Area,Region 2"
727|"FS"|"FS,Crucis March,Markesan Operational Area,Region 3"
730|"LC"|"LC,Tamar Pact,Tamar Domains"
737|"CC"|"CC,St. Ives Commonality,Region 3"
738|"OA"|"OA,Ramora Province"
739|"OA"|"OA,Baliggora Province"
740|"LC"|"LC,Protectorate of Donegal,Furillo Province"
741|"FS"|"FS,Capellan March,Taygeta Operational Area,Region 2"
743|"LC"|"LC,Protectorate of Donegal,Furillo Province"
746|"FS"|"FS,Crucis March,Chirikof Operational Area,Region 1"
748|"FWL"|"FWL"
752|"MOC"|"MOC,Luxen Province"
755|"MOC"|"MOC,Ballad Province"
757|"LC"|"LC,Tamar Pact,Tamar Domains"
761|"DC"|"DC,Benjamin Military District,Kajikazawa Prefecture"
766|"DC"|"DC,Pesht Military District,Kagoshima Prefecture"
775|"LC"|"LC,Protectorate of Donegal,Furillo Province"
776|"OA"|"OA,Alpheratz Province"
781|"CC"|"CC,Andurien Commonality,Region 1"
782|"FS"|"FS,Capellan March,Taygeta Operational Area,Region 2"
783|"RW"|"RW,Finmark Province"
794|"FWL"|"FWL,Principality of Regulus"
795|"CC"|"CC,Sarna Commonality,Region 1"
796|"LC"|"LC,Federation of Skye,Kannon Shire"
799|"FS"|"FS,Capellan March,Kathil Operational Area,Region 2"
803|"RW"|"RW,Timbuktu Province"
804|"DC"|"DC,Rasalhague Military District,Radstadt Prefecture"
806|"DC"|"DC,Galedon Military District,New Samarkand Prefecture"
807|"LC"|"LC,Protectorate of Donegal,District of Donegal"
808|"CC"|"CC,Sian Commonality,Region 14"
811|"CC"|"CC,Capella Commonality,Region 6"
816|"RW"|"RW,Apollo Province"
820|"LC"|"LC,Protectorate of Donegal,District of Donegal"
821|"FWL"|"FWL,Marik Commonwealth"
826|"FWL"|"FWL,Marik Commonwealth"
827|"LC"|"LC,Protectorate of Donegal,Alarion Province"
830|"FS"|"FS,Crucis March,Minette Operational Area,Broken Wheel Combat Region"
832|"FS"|"FS,Crucis March,Markesan Operational Area,Region 2"
835|"LC"|"LC,Protectorate of Donegal,Coventry Province"
836|"CC"|"CC,Capella Commonality,Region 6"
846|"OA"|"OA,Traders Domain"
848|"TC"|"TC,Dumassas Region"
850|"RW"|"RW,Apollo Province"
853|"FS"|"FS,Crucis March,Markesan Operational Area,Region 1"
857|"OA"|"OA,Blommestein Province"
858|"DC"|"DC,Benjamin Military District,Proserpina Prefecture"
860|"LC"|"LC,Protectorate of Donegal,Alarion Province"
861|"DC"|"DC,Rasalhague Military District,Radstadt Prefecture"
865|"FS"|"FS,Crucis March,Minette Operational Area,Broken Wheel Combat Region"
868|"TC"|"TC,Perdition Union"
869|"FS"|"FS,Crucis March,Minette Operational Area,Broken Wheel Combat Region"
871|"RW"|"RW,Timbuktu Province"
872|"RW"|"RW,Finmark Province,Major Capital"
874|"FWL"|"FWL"
876|"FS"|"FS,Capellan March,Taygeta Operational Area,Region 2"
877|"CC"|"CC,Sian Commonality,Region 14"
880|"TC"|"TC,Hyades Union"
881|"TH"|"TH,Lockdale Province"
892|"CC"|"CC,Sarna Commonality,Region 2"
906|"FS"|"FS,Crucis March,Minette Operational Area,Broken Wheel Combat Region"
908|"DC"|"DC,Benjamin Military District,Kajikazawa Prefecture"
913|"RW"|"RW,Apollo Province"
914|"LC"|"LC,Federation of Skye,Isle of Skye"
919|"FS"|"FS,Crucis March,Markesan Operational Area,Region 3"
922|"FWL"|"FWL"
924|"MOC"|"MOC,Canopus District"
925|"CC"|"CC,Capella Commonality,Region 5"
926|"FS"|"FS,Draconis March,Robinson Operational Area,Region 2"
928|"FS"|"FS,Crucis March,Chirikof Operational Area,Region 2"
929|"FS"|"FS,Crucis March,Minette Operational Area,Tsamma Combat Region"
930|"MOC"|"MOC,Ballad Province"
931|"FS"|"FS,Crucis March,Minette Operational Area,Anjin Muerto Combat Region"
932|"CC"|"CC,Tikonov Commonality,Region 2"
933|"DC"|"DC,Galedon Military District,Matsuida Prefecture"
940|"FWL"|"FWL,Rim Commonality"
943|"CC"|"CC,Capella Commonality,Region 3"
955|"FS"|"FS,Crucis March,Minette Operational Area,Broken Wheel Combat Region"
959|"OA"|"OA,Traders Domain"
972|"LC"|"LC,Protectorate of Donegal,Coventry Province"
973|"FS"|"FS,Crucis March,Markesan Operational Area,Region 1"
974|"LC"|"LC,Protectorate of Donegal,Coventry Province"
976|"RW"|"RW,Apollo Province"
977|"DC"|"DC,Galedon Military District,Matsuida Prefecture"
978|"FWL"|"FWL,Federation of Oriente"
979|"CC"|"CC,Sian Commonality,Region 1"
984|"FWL"|"FWL"
985|"RW"|"RW,Apollo Province"
991|"FWL"|"FWL"
992|"CC"|"CC,Sian Commonality,Region 8"
993|"FWL"|"FWL,Duchy of Andurien"
995|"LC"|"LC,Tamar Pact,Tamar Domains"
998|"LC"|"LC,Protectorate of Donegal,Furillo Province"
999|"FS"|"FS,Crucis March,Chirikof Operational Area,Region 3"
1000|"LC"|"LC,Protectorate of Donegal,Coventry Province"
1003|"LC"|"LC,Protectorate of Donegal,Coventry Province"
1004|"OA"|"OA,Cerberus Province"
1006|"FWL"|"FWL,Stewart Confederation"
1012|"LC"|"LC,Tamar Pact,Camlann Shire"
1013|"LC"|"LC,Protectorate of Donegal,District of Donegal"
1021|"CC"|"CC,St. Ives Commonality,Region 4"
1022|"FS"|"FS,Crucis March,Chirikof Operational Area,Region 1"
1023|"RW"|"RW,Apollo Province"
1025|"LC"|"LC,Protectorate of Donegal,Furillo Province"
1032|"DC"|"DC,Benjamin Military District,Proserpina Prefecture"
1033|"FS"|"FS,Crucis March,Minette Operational Area,Anjin Muerto Combat Region"
1034|"LC"|"LC,Tamar Pact,Tamar Domains"
1036|"DC"|"DC,Rasalhague Military District,Tinaca Prefecture"
1040|"TH"|"TH,Terra Firma Province"
1044|"DC"|"DC,Benjamin Military District,Ashio Prefecture"
1046|"FWL"|"FWL"
1048|"FWL"|"FWL,Abbey District"
1050|"DC"|"DC,Pesht Military District,Coudoux Prefecture"
1054|"MOC"|"MOC,Canopus District"
1058|"FWL"|"FWL,Principality of Regulus"
1062|"DC"|"DC,Pesht Military District,Pusht-i-rud Prefecture"
1064|"CC"|"CC,Capella Commonality,Region 1"
1065|"DC"|"DC,Pesht Military District,Kagoshima Prefecture"
1068|"TC"|"TC,Dumassas Region"
1069|"FS"|"FS,Draconis March,Woodbine Operational Area,Region 1"
1072|"TH"|"TH,Lockdale Province"
1074|"RW"|"RW,Timbuktu Province"
1075|"FS"|"FS,Crucis March,Chirikof Operational Area,Region 2"
1076|"TH"|"TH,Tyrfing Province"
1077|"FWL"|"FWL"
1079|"RW"|"RW,Apollo Province"
1080|"LC"|"LC,Tamar Pact,Tamar Domains"
1081|"RW"|"RW,Erdvynn Province"
1083|"TH"|"TH,Lockdale Province"
1089|"FWL"|"FWL"
1095|"RW"|"RW,Apollo Province"
1099|"DC"|"DC,Pesht Military District,Kagoshima Prefecture"
1103|"FS"|"FS,Capellan March,Taygeta Operational Area,Region 2"
1105|"CC"|"CC,Sian Commonality,Region 4"
1114|"FWL"|"FWL,Regulan Free States"
1116|"RW"|"RW,Apollo Province"
1119|"FS"|"FS,Capellan March,Taygeta Operational Area,Region 2"
1120|"FWL"|"FWL,Marik Commonwealth"
1121|"FS"|"FS,Crucis March,Minette Operational Area,Broken Wheel Combat Region"
1122|"FS"|"FS,Draconis March,Fairfax Operational Area,Region 1"
1123|"LC"|"LC,Tamar Pact,Tamar Domains"
1124|"LC"|"LC,Protectorate of Donegal,Furillo Province"
1125|"CC"|"CC,Sian Commonality,Region 10"
1129|"FWL"|"FWL"
1140|"CC"|"CC,Sian Commonality,Region 6"
1143|"FS"|"FS,Crucis March,Minette Operational Area,Anjin Muerto Combat Region"
1145|"TH"|"TH,Terra Firma Province"
1146|"DC"|"DC,Pesht Military District,Ningxia Prefecture"
1148|"CC"|"CC,Sian Commonality,Region 13"
1159|"CC"|"CC,Sian Commonality,Region 5"
1161|"FS"|"FS,Capellan March,Taygeta Operational Area,Region 2"
1166|"CC"|"CC,Tikonov Commonality,Region 1"
1167|"RW"|"RW,Apollo Province"
1169|"RW"|"RW,Apollo Province"
1182|"IP"|"IP,Faction Capital"
1187|"FS"|"FS,Crucis March,Markesan Operational Area,Region 2"
1192|"LC"|"LC,Protectorate of Donegal,Alarion Province"
1195|"RW"|"RW,Timbuktu Province"
1199|"TH"|"TH,Lockdale Province"
1201|"FS"|"FS,Draconis March,Woodbine Operational Area,Region 2"
1202|"FS"|"FS,Draconis March,Woodbine Operational Area,Region 2"
1224|"FWL"|"FWL,Rim Commonality"
1225|"FS"|"FS,Crucis March,Minette Operational Area,Broken Wheel Combat Region"
1226|"LC"|"LC,Tamar Pact,Camlann Shire"
1230|"FS"|"FS,Capellan March,Taygeta Operational Area,Region 1"
1231|"TC"|"TC,Hyades Union"
1232|"RW"|"RW,Timbuktu Province"
1234|"RW"|"RW,Apollo Province"
1235|"RW"|"RW,Finmark Province"
1239|"FWL"|"FWL,Federation of Oriente"
1240|"LC"|"LC,Protectorate of Donegal,Alarion Province"
1244|"DC"|"DC,Pesht Military District,Bjarred Prefecture"
1245|"FS"|"FS,Capellan March,Taygeta Operational Area,Region 1"
1258|"CC"|"CC,Sarna Commonality,Region 2"
1265|"MOC"|"MOC,Canopus District"
1266|"DC"|"DC,Pesht Military District,Kagoshima Prefecture"
1267|"FWL"|"FWL"
1268|"DC"|"DC,Benjamin Military District,Proserpina Prefecture"
1273|"DC"|"DC,Rasalhague Military District,Tinaca Prefecture"
1280|"DC"|"DC,Benjamin Military District,Kajikazawa Prefecture,Minor Capital"
1281|"FWL"|"FWL"
1282|"OA"|"OA,Baliggora Province"
1284|"CC"|"CC,Andurien Commonality,Region 2"
1287|"FWL"|"FWL,Duchy of Andurien,Major Capital"
1293|"DC"|"DC,Pesht Military District,Ningxia Prefecture"
1295|"FWL"|"FWL"
1297|"RW"|"RW,Timbuktu Province"
1299|"LC"|"LC,Tamar Pact,Tamar Domains"
1309|"DC"|"DC,Benjamin Military District,Kuzuu Prefecture"
1310|"DC"|"DC,Benjamin Military District,Kuzuu Prefecture"
1317|"FWL"|"FWL"
1322|"LC"|"LC,Protectorate of Donegal,Alarion Province"
1326|"FS"|"FS,Crucis March,Minette Operational Area,Broken Wheel Combat Region"
1335|"LC"|"LC,Federation of Skye,Isle of Skye"
1337|"FS"|"FS,Capellan March,Taygeta Operational Area,Region 2"
1341|"CC"|"CC,St. Ives Commonality,Region 3"
1344|"DC"|"DC,Benjamin Military District,Baldur Prefecture"
1349|"FWL"|"FWL"
1350|"FS"|"FS,Draconis March,Woodbine Operational Area,Region 2"
1352|"TH"|"TH,Alliance Core"
1355|"CC"|"CC,Sian Commonality,Region 13"
1356|"LC"|"LC,Tamar Pact,Camlann Shire"
1357|"OA"|"OA,Ramora Province"
1358|"FS"|"FS,Draconis March,Woodbine Operational Area,Region 1"
1364|"CC"|"CC,Sian Commonality,Region 10"
1367|"DC"|"DC,Benjamin Military District,Proserpina Prefecture"
1368|"RW"|"RW,Timbuktu Province"
1373|"FS"|"FS,Draconis March,Robinson Operational Area,Region 2"
1374|"FS"|"FS,Draconis March,Robinson Operational Area,Region 2"
1376|"MOC"|"MOC,Ballad Province"
1377|"TC"|"TC,Dumassas Region"
1379|"CC"|"CC,St. Ives Commonality,Region 3"
1381|"TH"|"TH,Lone Star Province"
1382|"LC"|"LC,Tamar Pact,Tamar Domains"
1383|"LC"|"LC,Federation of Skye,Virginia Shire"
1386|"CC"|"CC,Capella Commonality,Region 2"
1387|"DC"|"DC,Pesht Military District,Ningxia Prefecture"
1390|"FWL"|"FWL"
1393|"LC"|"LC,Tamar Pact,Tamar Domains"
1394|"CC"|"CC,Andurien Commonality,Region 1"
1396|"LC"|"LC,Protectorate of Donegal,Coventry Province"
1399|"FS"|"FS,Crucis March,Markesan Operational Area,Region 3"
1400|"FWL"|"FWL"
1405|"DC"|"DC,Galedon Military District,New Samarkand Prefecture"
1406|"DC"|"DC,Benjamin Military District,Xinyang Prefecture"
1407|"FS"|"FS,Draconis March,Woodbine Operational Area,Region 2"
1408|"OA"|"OA,Traders Domain"
1414|"MOC"|"MOC,Canopus District"
1420|"CC"|"CC,Sian Commonality,Region 2"
1421|"CC"|"CC,St. Ives Commonality,Region 6"
1422|"CC"|"CC,Andurien Commonality,Region 1"
1423|"RW"|"RW,Finmark Province"
1429|"LC"|"LC,Protectorate of Donegal,Alarion Province"
1431|"RW"|"RW,Apollo Province"
1435|"LC"|"LC,Federation of Skye,Isle of Skye"
1441|"RW"|"RW,Apollo Province"
1442|"FS"|"FS,Crucis March,Minette Operational Area,Broken Wheel Combat Region"
1446|"TH"|"TH,Lone Star Province"
1447|"LC"|"LC,Federation of Skye,Rahneshire"
1451|"RW"|"RW,Timbuktu Province"
1457|"DC"|"DC,Benjamin Military District,Proserpina Prefecture"
1459|"CC"|"CC,Sian Commonality,Region 12"
1465|"LC"|"LC,Protectorate of Donegal,Furillo Province"
1470|"FS"|"FS,Draconis March,Robinson Operational Area,Region 2"
1471|"FS"|"FS,Crucis March,Markesan Operational Area,Region 3"
1477|"FWL"|"FWL,Principality of Regulus"
1478|"DC"|"DC,Rasalhague Military District,Radstadt Prefecture"
1479|"FWL"|"FWL"
1483|"FWL"|"FWL,Rim Commonality"
1486|"DC"|"DC,Pesht Military District,Pusht-i-rud Prefecture"
1487|"CC"|"CC,Capella Commonality,Region 4"
1489|"FS"|"FS,Crucis March,Minette Operational Area,Broken Wheel Combat Region"
1491|"OA"|"OA,Blommestein Province"
1493|"FS"|"FS,Capellan March,Taygeta Operational Area,Region 2"
1494|"FWL"|"FWL,Federation of Oriente"
1495|"CC"|"CC,Sian Commonality,Region 13"
1499|"TH"|"TH,Tyrfing Province"
1503|"CC"|"CC,Sian Commonality,Region 11"
1504|"TH"|"TH,Lockdale Province,Minor Capital"
1505|"MOC"|"MOC,Canopus District"
1510|"OA"|"OA,Blommestein Province"
1511|"RW"|"RW,Apollo Province"
1513|"TH"|"TH,Lone Star Province,Minor Capital"
1514|"FWL"|"FWL"
1515|"OA"|"OA,Alpheratz Province"
1517|"LC"|"LC,Protectorate of Donegal,Furillo Province"
1522|"I"|"I"
1526|"DC"|"DC,Pesht Military District,Kagoshima Prefecture"
1528|"FS"|"FS,Draconis March,Robinson Operational Area,Region 2"
1529|"LC"|"LC,Protectorate of Donegal,District of Donegal"
1530|"CC"|"CC,Sian Commonality,Region 10"
1531|"TC"|"TC,Dumassas Region"
1532|"DC"|"DC,Benjamin Military District,Irurzun Prefecture"
1533|"LC"|"LC,Protectorate of Donegal,Coventry Province"
1541|"MOC"|"MOC,Luxen Province,Major Capital"
1544|"FS"|"FS,Crucis March,Markesan Operational Area,Region 3"
1546|"TH"|"TH,Lone Star Province"
1550|"RW"|"RW,Apollo Province"
1555|"DC"|"DC,Pesht Military District,Kagoshima Prefecture"
1557|"FS"|"FS,Crucis March,Markesan Operational Area,Region 2"
1559|"LC"|"LC,Protectorate of Donegal,Alarion Province"
1565|"FS"|"FS,Capellan March,Taygeta Operational Area,Region 2"
1569|"RW"|"RW,Timbuktu Province"
1571|"RW"|"RW,Finmark Province"
1578|"CC"|"CC,Sian Commonality,Region 10"
1580|"FWL"|"FWL"
1584|"CC"|"CC,Sarna Commonality,Region 5"
1585|"OA"|"OA,Blommestein Province"
1588|"CC"|"CC,Sian Commonality,Region 14"
1593|"FWL"|"FWL,Abbey District"
1595|"FWL"|"FWL"
1596|"FS"|"FS,Crucis March,Markesan Operational Area,Region 1"
1597|"LC"|"LC,Protectorate of Donegal,Coventry Province"
1598|"RW"|"RW,Apollo Province"
1599|"DC"|"DC,Benjamin Military District,Proserpina Prefecture"
1602|"FWL"|"FWL"
1604|"TH"|"TH,Tyrfing Province"
1606|"LC"|"LC,Federation of Skye,Virginia Shire"
1607|"LC"|"LC,Protectorate of Donegal,Furillo Province"
1610|"OA"|"OA,Blommestein Province"
1614|"FS"|"FS,Crucis March,Markesan Operational Area,Region 1,Minor Capital"
1615|"FS"|"FS,Crucis March,Markesan Operational Area,Region 1"
1616|"DC"|"DC,Galedon Military District,Matsuida Prefecture"
1617|"FS"|"FS,Capellan March,Taygeta Operational Area,Region 2"
1620|"TC"|"TC,Hyades Union"
1623|"DC"|"DC,Pesht Military District,Bjarred Prefecture"
1624|"DC"|"DC,Benjamin Military District,Proserpina Prefecture"
1626|"CC"|"CC,Sarna Commonality,Region 5"
1633|"LC"|"LC,Tamar Pact,Trellshire"
1642|"DC"|"DC,Galedon Military District,Kaznejoy Prefecture"
1644|"LC"|"LC,Protectorate of Donegal,Furillo Province"
1645|"FWL"|"FWL,Federation of Oriente"
1646|"FS"|"FS,Crucis March,Minette Operational Area,Anjin Muerto Combat Region"
1647|"LC"|"LC,Tamar Pact,Camlann Shire"
1648|"FWL"|"FWL,Duchy of Andurien"
1649|"RW"|"RW,Apollo Province"
1654|"MOC"|"MOC,Canopus District"
1659|"FWL"|"FWL"
1662|"FS"|"FS,Crucis March,Markesan Operational Area,Region 3"
1665|"FS"|"FS,Draconis March,Fairfax Operational Area,Region 2"
1676|"CC"|"CC,Sian Commonality,Region 11"
1678|"CC"|"CC,Sarna Commonality,Region 5"
1680|"FWL"|"FWL,Stewart Confederation"
1685|"FS"|"FS,Crucis March,Minette Operational Area,Anjin Muerto Combat Region"
1687|"FS"|"FS,Crucis March,Minette Operational Area,Broken Wheel Combat Region"
1688|"DC"|"DC,Benjamin Military District,Kajikazawa Prefecture"
1691|"CC"|"CC,Chesterton Commonality"
1693|"LC"|"LC,Protectorate of Donegal,Alarion Province"
1700|"CC"|"CC,Sian Commonality,Region 9"
1703|"FS"|"FS,Draconis March,Woodbine Operational Area,Region 1"
1704|"OA"|"OA,Cerberus Province"
1705|"FS"|"FS,Draconis March,Woodbine Operational Area,Region 2"
1709|"TH"|"TH,Tyrfing Province"
1711|"DC"|"DC,Benjamin Military District,Kajikazawa Prefecture"
1712|"LC"|"LC,Protectorate of Donegal,Alarion Province"
1717|"LC"|"LC,Protectorate of Donegal,Coventry Province"
1722|"OA"|"OA,Ramora Province"
1723|"LC"|"LC,Protectorate of Donegal,Coventry Province"
1725|"OA"|"OA,Alpheratz Province"
1726|"TC"|"TC,Hyades Union"
1729|"DC"|"DC,Benjamin Military District,Ashio Prefecture"
1731|"OA"|"OA,Traders Domain"
1732|"DC"|"DC,Galedon Military District,New Samarkand Prefecture"
1735|"RW"|"RW,Apollo Province"
1739|"DC"|"DC,Galedon Military District,Oshika Prefecture"
1740|"FS"|"FS,Crucis March,Minette Operational Area,Point Barrow Combat Region"
1745|"FS"|"FS,Capellan March,Kathil Operational Area,Region 2"
1750|"FS"|"FS,Crucis March,Chirikof Operational Area,Region 2"
1751|"RW"|"RW,Apollo Province"
1757|"LC"|"LC,Tamar Pact,Tamar Domains"
1758|"LC"|"LC,Protectorate of Donegal,Coventry Province"
1763|"OA"|"OA,Ramora Province"
1766|"FS"|"FS,Crucis March,Minette Operational Area,Broken Wheel Combat Region"
1767|"LC"|"LC,Tamar Pact,Trellshire"
1769|"DC"|"DC,Pesht Military District,Pusht-i-rud Prefecture"
1773|"TH"|"TH,Lockdale Province"
1774|"CC"|"CC,Sian Commonality,Region 12"
1778|"FWL"|"FWL,Principality of Regulus"
1780|"LC"|"LC,Tamar Pact,Tamar Domains"
1782|"CC"|"CC,Tikonov Commonality,Region 1"
1784|"RW"|"RW,Timbuktu Province"
1788|"I"|"I"
1790|"DC"|"DC,Benjamin Military District,Kuzuu Prefecture"
1793|"DC"|"DC,Galedon Military District,New Samarkand Prefecture"
1800|"DC"|"DC,Benjamin Military District,Ashio Prefecture"
1802|"FWL"|"FWL,Marik Commonwealth"
1811|"DC"|"DC,Galedon Military District,Matsuida Prefecture"
1816|"FS"|"FS,Crucis March,Markesan Operational Area,Region 3,Faction Capital"
1821|"LC"|"LC,Protectorate of Donegal,Coventry Province"
1823|"CC"|"CC,Capella Commonality,Region 2"
1829|"FWL"|"FWL"
1831|"TD"|"TD"
1834|"TH"|"TH,Alliance Core"
1839|"CC"|"CC,Sarna Commonality,Region 5"
1841|"FWL"|"FWL,Marik Commonwealth"
1847|"CC"|"CC,Capella Commonality,Region 4"
1849|"DC"|"DC,Pesht Military District,Pusht-i-rud Prefecture"
1856|"FS"|"FS,Crucis March,Markesan Operational Area,Region 1"
1857|"TC"|"TC,Hyades Union"
1860|"CC"|"CC,Sian Commonality,Region 5"
1864|"DC"|"DC,Galedon Military District,New Samarkand Prefecture"
1866|"LC"|"LC,Protectorate of Donegal,Coventry Province"
1867|"LC"|"LC,Protectorate of Donegal,Alarion Province"
1870|"FWL"|"FWL"
1871|"DC"|"DC,Galedon Military District,Kaznejoy Prefecture"
1872|"CC"|"CC,Tikonov Commonality,Region 3"
1879|"RW"|"RW,Timbuktu Province"
1883|"MOC"|"MOC,Canopus District"
1892|"LC"|"LC,Tamar Pact,Trellshire"
1894|"OA"|"OA,Cerberus Province"
1899|"FWL"|"FWL,Federation of Oriente"
1901|"FS"|"FS,Capellan March,Kathil Operational Area,Region 2"
1912|"FS"|"FS,Crucis March,Chirikof Operational Area,Region 1"
1914|"RW"|"RW,Finmark Province"
1916|"RW"|"RW,Apollo Province"
1918|"FWL"|"FWL,Marik Commonwealth"
1919|"DC"|"DC,Benjamin Military District,Baldur Prefecture"
1926|"FS"|"FS,Capellan March,Taygeta Operational Area,Region 1"
1932|"FS"|"FS,Draconis March,Robinson Operational Area,Region 1"
1938|"FS"|"FS,Crucis March,Minette Operational Area,Broken Wheel Combat Region"
1942|"OA"|"OA,Onverwacht Province,Major Capital"
1944|"FS"|"FS,Capellan March,Kathil Operational Area,Region 2"
1945|"CC"|"CC,Sian Commonality,Region 9"
1947|"TC"|"TC,Dumassas Region"
1955|"DC"|"DC,Benjamin Military District,Kajikazawa Prefecture"
1959|"DC"|"DC,Pesht Military District,Bjarred Prefecture"
1962|"DC"|"DC,Rasalhague Military District,Radstadt Prefecture"
1965|"CC"|"CC,Capella Commonality,Region 8"
1967|"TH"|"TH,Lockdale Province"
1968|"CC"|"CC,Capella Commonality,Region 5"
1970|"FS"|"FS,Draconis March,Woodbine Operational Area,Region 1"
1976|"LC"|"LC,Tamar Pact,Tamar Domains"
1978|"FWL"|"FWL"
1981|"DC"|"DC,Benjamin Military District,Kajikazawa Prefecture"
1983|"LC"|"LC,Protectorate of Donegal,Coventry Province"
1988|"CC"|"CC,Tikonov Commonality,Region 1"
1992|"RW"|"RW,Timbuktu Province"
1998|"RW"|"RW,Apollo Province"
1999|"FWL"|"FWL,Federation of Oriente"
2004|"FWL"|"FWL"
2007|"LC"|"LC,Protectorate of Donegal,Alarion Province"
2011|"TC"|"TC,Perdition Union,Major Capital"
2012|"DC"|"DC,Galedon Military District,Kaznejoy Prefecture"
2014|"CC"|"CC,Andurien Commonality,Region 2"
2016|"RW"|"RW,Apollo Province"
2017|"DC"|"DC,Pesht Military District,Kagoshima Prefecture,Major Capital"
2019|"CC"|"CC,Sarna Commonality,Region 3"
2020|"LC"|"LC,Federation of Skye,Kannon Shire"
2027|"TH"|"TH,Lone Star Province"
2030|"CC"|"CC,Andurien Commonality,Region 3"
2041|"FS"|"FS,Crucis March,Markesan Operational Area,Region 2"
2043|"RW"|"RW,Timbuktu Province"
2044|"FS"|"FS,Crucis March,Minette Operational Area,Point Barrow Combat Region"
2045|"CC"|"CC,Sian Commonality,Region 9"
2047|"DC"|"DC,Rasalhague Military District,Trondheim Prefecture"
2048|"TH"|"TH,Tyrfing Province"
2049|"DC"|"DC,Rasalhague Military District,Radstadt Prefecture"
2051|"LC"|"LC,Protectorate of Donegal,District of Donegal"
2055|"TC"|"TC,Brinton Union"
2056|"FS"|"FS,Crucis March,Markesan Operational Area,Region 2"
2064|"RW"|"RW,Finmark Province"
2067|"CC"|"CC,Sian Commonality,Region 8"
2071|"CC"|"CC,Sian Commonality,Region 8"
2072|"TH"|"TH,Alliance Core"
2073|"TH"|"TH"
2074|"FWL"|"FWL"
2076|"DC"|"DC,Benjamin Military District,Proserpina Prefecture,Minor Capital"
2083|"TC"|"TC,Brinton Union"
2089|"LC"|"LC,Tamar Pact,Camlann Shire"
2097|"FS"|"FS,Crucis March,Markesan Operational Area,Region 3"
2098|"FS"|"FS,Crucis March,Chirikof Operational Area,Region 1"
2099|"FS"|"FS,Crucis March,Markesan Operational Area,Region 2"
2101|"FS"|"FS,Capellan March,Taygeta Operational Area,Region 1"
2104|"DC"|"DC,Rasalhague Military District,Radstadt Prefecture"
2106|"DC"|"DC,Rasalhague Military District,Radstadt Prefecture,Minor Capital"
2107|"OA"|"OA,Traders Domain"
2109|"LC"|"LC,Federation of Skye,Rahneshire,Minor Capital"
2113|"CC"|"CC,Capella Commonality,Region 1"
2117|"LC"|"LC,Tamar Pact,Camlann Shire"
2125|"LC"|"LC,Protectorate of Donegal,Coventry Province"
2133|"FS"|"FS,Crucis March,Chirikof Operational Area,Region 1"
2137|"FWL"|"FWL,Marik Commonwealth"
2140|"OA"|"OA,Traders Domain"
2142|"RW"|"RW,Apollo Province"
2146|"FWL"|"FWL"
2148|"FWL"|"FWL"
2151|"DC"|"DC,Rasalhague Military District,Trondheim Prefecture"
2154|"FS"|"FS,Capellan March,Taygeta Operational Area,Region 2"
2158|"OA"|"OA,Cerberus Province"
2159|"LC"|"LC,Protectorate of Donegal,Coventry Province"
2161|"FS"|"FS,Capellan March,Taygeta Operational Area,Region 2"
2162|"FWL"|"FWL"
2164|"FS"|"FS,Draconis March,Robinson Operational Area,Region 2"
2171|"FWL"|"FWL"
2173|"OA"|"OA,Onverwacht Province"
2174|"TH"|"TH,Lockdale Province"
2176|"FS"|"FS,Draconis March,Woodbine Operational Area,Region 2"
2185|"FS"|"FS,Capellan March,Taygeta Operational Area,Region 1"
2186|"DC"|"DC,Rasalhague Military District,Tinaca Prefecture"
2187|"TH"|"TH,Lockdale Province"
2189|"DC"|"DC,Benjamin Military District,Kuzuu Prefecture"
2193|"LC"|"LC,Federation of Skye,Virginia Shire"
2195|"RW"|"RW,Finmark Province"
2199|"LC"|"LC,Protectorate of Donegal,Coventry Province"
2215|"FS"|"FS,Crucis March,Markesan Operational Area,Region 3"
2216|"DC"|"DC,Pesht Military District,Pusht-i-rud Prefecture"
2221|"FWL"|"FWL,Federation of Oriente"
2224|"TC"|"TC,Dumassas Region"
2226|"DC"|"DC,Galedon Military District,New Samarkand Prefecture"
2229|"LC"|"LC,Protectorate of Donegal,Coventry Province"
2234|"RW"|"RW,Timbuktu Province"
2237|"LC"|"LC,Protectorate of Donegal,Coventry Province"
2238|"FWL"|"FWL"
2239|"LC"|"LC,Protectorate of Donegal,Coventry Province"
2240|"RW"|"RW,Erdvynn Province"
2248|"FS"|"FS,Draconis March,Fairfax Operational Area,Region 2"
2255|"CC"|"CC,Sian Commonality,Region 3"
2259|"FWL"|"FWL"
2262|"MOC"|"MOC,Ballad Province"
2264|"DC"|"DC,Pesht Military District,Coudoux Prefecture"
2265|"DC"|"DC,Pesht Military District,Coudoux Prefecture"
2267|"FS"|"FS,Crucis March,Markesan Operational Area,Region 1"
2271|"CC"|"CC,Sian Commonality,Region 13"
2272|"LC"|"LC,Federation of Skye,Virginia Shire"
2275|"FWL"|"FWL,Federation of Oriente"
2278|"CC"|"CC,Sian Commonality,Region 6"
2279|"LC"|"LC,Protectorate of Donegal,Furillo Province"
2281|"RW"|"RW,Apollo Province"
2289|"RW"|"RW,Erdvynn Province"
2290|"RW"|"RW,Timbuktu Province"
2291|"CC"|"CC,Sian Commonality,Region 13"
2293|"CC"|"CC,St. Ives Commonality,Region 1"
2294|"FWL"|"FWL,Principality of Regulus"
2297|"CC"|"CC,Sian Commonality,Region 9"
2299|"FS"|"FS,Crucis March,Minette Operational Area,Anjin Muerto Combat Region"
2302|"FWL"|"FWL,Federation of Oriente"
2305|"FS"|"FS,Crucis March,Minette Operational Area,Broken Wheel Combat Region"
2308|"LC"|"LC,Federation of Skye,Isle of Skye"
2309|"DC"|"DC,Pesht Military District,Kagoshima Prefecture"
2310|"DC"|"DC,Benjamin Military District,Ashio Prefecture"
2313|"DC"|"DC,Benjamin Military District,Ashio Prefecture"
2315|"CC"|"CC,Sarna Commonality,Region 5"
2316|"MOC"|"MOC,Luxen Province"
2324|"CC"|"CC,Sian Commonality,Region 1"
2325|"CC"|"CC,Sarna Commonality,Region 3"
2332|"DC"|"DC,Galedon Military District,New Samarkand Prefecture"
2340|"DC"|"DC,Galedon Military District,New Samarkand Prefecture"
2342|"FWL"|"FWL"
2345|"CC"|"CC,Sian Commonality,Region 11"
2350|"DC"|"DC,Benjamin Military District,Ashio Prefecture"
2360|"TH"|"TH,Lockdale Province"
2369|"LC"|"LC,Protectorate of Donegal,Furillo Province"
2370|"TH"|"TH,Alliance Core,Faction Capital"
2378|"OA"|"OA,Blommestein Province"
2380|"DC"|"DC,Pesht Military District,Ningxia Prefecture"
2385|"CC"|"CC,St. Ives Commonality,Region 4"
2386|"FWL"|"FWL,Marik Commonwealth"
2388|"CC"|"CC,Sarna Commonality,Region 1"
2390|"FWL"|"FWL,Marik Commonwealth"
2400|"LC"|"LC,Protectorate of Donegal,Alarion Province"
2401|"RW"|"RW,Apollo Province"
2403|"FS"|"FS,Crucis March,Markesan Operational Area,Region 3"
2404|"RW"|"RW,Apollo Province"
2413|"FWL"|"FWL,Stewart Confederation,Major Capital"
2414|"RW"|"RW,Timbuktu Province"
2421|"FS"|"FS,Crucis March,Markesan Operational Area,Region 3"
2424|"FS"|"FS,Draconis March,Woodbine Operational Area,Region 1"
2433|"TH"|"TH,Tyrfing Province"
2434|"FS"|"FS,Crucis March,Minette Operational Area,Broken Wheel Combat Region"
2435|"LC"|"LC,Protectorate of Donegal,District of Donegal"
2436|"CC"|"CC,Sian Commonality,Region 6"
2437|"FS"|"FS,Draconis March,Fairfax Operational Area,Region 2"
2438|"DC"|"DC,Galedon Military District,Oshika Prefecture"
2439|"CC"|"CC,Sian Commonality,Region 13"
2443|"DC"|"DC,Benjamin Military District,Kajikazawa Prefecture"
2447|"DC"|"DC,Rasalhague Military District,Radstadt Prefecture"
2448|"DC"|"DC,Galedon Military District,New Samarkand Prefecture"
2449|"LC"|"LC,Protectorate of Donegal,District of Donegal"
2451|"LC"|"LC,Protectorate of Donegal,Coventry Province"
2454|"FS"|"FS,Crucis March,Minette Operational Area,Point Barrow Combat Region"
2456|"FS"|"FS,Crucis March,Minette Operational Area,Anjin Muerto Combat Region"
2459|"RW"|"RW,Apollo Province"
2461|"FWL"|"FWL"
2464|"CC"|"CC,St. Ives Commonality,Region 2"
2465|"LC"|"LC,Protectorate of Donegal,Coventry Province"
2467|"FS"|"FS,Crucis March,Markesan Operational Area,Region 3"
2468|"LC"|"LC,Federation of Skye,Kannon Shire"
2470|"TH"|"TH,Terra Firma Province"
2481|"DC"|"DC,Benjamin Military District,Xinyang Prefecture"
2482|"FWL"|"FWL,Stewart Confederation"
2486|"CC"|"CC,St. Ives Commonality,Region 4"
2489|"LC"|"LC,Protectorate of Donegal,Alarion Province"
2491|"DC"|"DC,Pesht Military District,Kagoshima Prefecture"
2492|"FS"|"FS,Draconis March,Fairfax Operational Area,Region 2"
2497|"DC"|"DC,Benjamin Military District,Kajikazawa Prefecture"
2506|"CC"|"CC,Sarna Commonality,Region 7"
2507|"FS"|"FS,Capellan March,Kathil Operational Area,Region 1"
2508|"FS"|"FS,Crucis March,Chirikof Operational Area,Region 2"
2515|"DC"|"DC,Pesht Military District,Kagoshima Prefecture"
2516|"FS"|"FS,Crucis March,Chirikof Operational Area,Region 2"
2519|"CC"|"CC,Sian Commonality,Region 10"
2521|"CC"|"CC,St. Ives Commonality,Region 5"
2535|"TH"|"TH,Alliance Core"
2541|"CC"|"CC,Sarna Commonality,Region 2"
2543|"DC"|"DC,Galedon Military District,New Samarkand Prefecture"
2546|"LC"|"LC,Protectorate of Donegal,Alarion Province"
2551|"FWL"|"FWL"
2552|"TC"|"TC,Perdition Union"
2559|"FWL"|"FWL"
2562|"RW"|"RW,Apollo Province"
2563|"LC"|"LC,Tamar Pact,Camlann Shire"
2564|"FWL"|"FWL,Marik Commonwealth"
2572|"DC"|"DC,Galedon Military District,New Samarkand Prefecture"
2579|"FWL"|"FWL"
2581|"RW"|"RW,Apollo Province"
2585|"FWL"|"FWL,Marik Commonwealth"
2586|"FS"|"FS,Draconis March,Robinson Operational Area,Region 2"
2587|"LC"|"LC,Tamar Pact,Camlann Shire"
2590|"CC"|"CC,Sarna Commonality,Region 6"
2592|"FS"|"FS,Crucis March,Minette Operational Area,Tsamma Combat Region"
2594|"LC"|"LC,Protectorate of Donegal,Coventry Province"
2595|"CC"|"CC,Sarna Commonality,Region 6"
2597|"LC"|"LC,Federation of Skye,Kannon Shire"
2600|"LC"|"LC,Tamar Pact,Camlann Shire"
2601|"CC"|"CC,Sian Commonality,Region 8"
2602|"LC"|"LC,Protectorate of Donegal,Furillo Province"
2606|"DC"|"DC,Pesht Military District,Coudoux Prefecture"
2608|"LC"|"LC,Tamar Pact,Trellshire"
2609|"TH"|"TH,Lockdale Province"
2611|"CC"|"CC,Sian Commonality,Region 14"
2616|"FWL"|"FWL"
2617|"LC"|"LC,Protectorate of Donegal,Alarion Province"
2620|"CC"|"CC,Andurien Commonality,Region 1"
2621|"DC"|"DC,Pesht Military District,Kagoshima Prefecture"
2624|"FS"|"FS,Crucis March,Minette Operational Area,Tsamma Combat Region"
2627|"FWL"|"FWL"
2630|"FS"|"FS,Crucis March,Markesan Operational Area,Region 3"
2641|"FS"|"FS,Crucis March,Chirikof Operational Area,Region 3"
2646|"CC"|"CC,Sian Commonality,Region 9"
2650|"RW"|"RW,Timbuktu Province"
2653|"FS"|"FS,Crucis March,Minette Operational Area,Broken Wheel Combat Region"
2654|"TH"|"TH,Terra Firma Province"
2656|"DC"|"DC,Benjamin Military District,Kajikazawa Prefecture"
2659|"CC"|"CC,Capella Commonality,Region 1"
2661|"CC"|"CC,Sian Commonality,Region 9"
2663|"RW"|"RW,Apollo Province"
2673|"FS"|"FS,Crucis March,Chirikof Operational Area,Region 2"
2678|"FS"|"FS,Crucis March,Markesan Operational Area,Region 1"
2679|"CC"|"CC,St. Ives Commonality,Region 1"
2681|"FS"|"FS,Draconis March,Woodbine Operational Area,Region 2"
2687|"FWL"|"FWL"
2690|"LC"|"LC,Federation of Skye,Isle of Skye"
2691|"OA"|"OA,Alpheratz Province"
2692|"CC"|"CC,Capella Commonality,Region 5"
2697|"LC"|"LC,Protectorate of Donegal,Alarion Province"
2699|"OA"|"OA,Onverwacht Province"
2705|"FWL"|"FWL,Regulan Free States"
2707|"RW"|"RW,Apollo Province"
2714|"LC"|"LC,Tamar Pact,Trellshire"
2717|"CC"|"CC,Sian Commonality,Region 10"
2721|"CC"|"CC,St. Ives Commonality,Region 5"
2728|"FS"|"FS,Crucis March,Chirikof Operational Area,Region 1"
2731|"CC"|"CC,Sarna Commonality,Region 3"
2733|"FS"|"FS,Crucis March,Minette Operational Area,Point Barrow Combat Region"
2734|"FS"|"FS,Crucis March,Minette Operational Area,Point Barrow Combat Region"
2736|"CC"|"CC,Sarna Commonality,Region 5"
2743|"FS"|"FS,Crucis March,Minette Operational Area,Point Barrow Combat Region"
2745|"FS"|"FS,Capellan March,Taygeta Operational Area,Region 2"
2747|"CC"|"CC,Sian Commonality,Region 3"
2750|"FWL"|"FWL"
2754|"LC"|"LC,Federation of Skye,Virginia Shire"
2757|"FS"|"FS,Crucis March,Markesan Operational Area,Region 2"
2762|"FS"|"FS,Draconis March,Woodbine Operational Area,Region 2"
2766|"FWL"|"FWL"
2767|"DC"|"DC,Galedon Military District,Kaznejoy Prefecture"
2768|"OA"|"OA,Blommestein Province"
2772|"FS"|"FS,Draconis March,Woodbine Operational Area,Region 1,Minor Capital"
2776|"RW"|"RW,Apollo Province"
2777|"FS"|"FS,Capellan March,Taygeta Operational Area,Region 2"
2778|"CC"|"CC,Sian Commonality,Region 7"
2785|"FS"|"FS,Crucis March,Minette Operational Area,Point Barrow Combat Region"
2789|"DC"|"DC,Benjamin Military District,Xinyang Prefecture,Minor Capital"
2790|"DC"|"DC,Pesht Military District,Kagoshima Prefecture"
2791|"FS"|"FS,Crucis March,Minette Operational Area,Anjin Muerto Combat Region"
2794|"CC"|"CC,Sian Commonality,Region 6"
2796|"LC"|"LC,Federation of Skye,Kannon Shire"
2797|"LC"|"LC,Federation of Skye,Virginia Shire"
2809|"FS"|"FS,Crucis March,Chirikof Operational Area,Region 1"
2810|"DC"|"DC,Galedon Military District,New Samarkand Prefecture"
2812|"FS"|"FS,Capellan March,Taygeta Operational Area,Region 2"
2815|"LC"|"LC,Protectorate of Donegal,Coventry Province"
2818|"CC"|"CC,Sian Commonality,Region 12"
2823|"TH"|"TH,Tyrfing Province"
2826|"LC"|"LC,Federation of Skye,Isle of Skye"
2828|"FWL"|"FWL"
2833|"FWL"|"FWL,Marik Commonwealth"
2835|"OA"|"OA,Blommestein Province"
2838|"CC"|"CC,Sian Commonality,Region 5"
2840|"CC"|"CC,St. Ives Commonality,Region 4"
2845|"TH"|"TH,Alliance Core"
2846|"FWL"|"FWL"
2850|"TH"|"TH,Terra Firma Province"
2852|"LC"|"LC,Protectorate of Donegal,Furillo Province"
2855|"U"|"U"
2859|"U"|"U"
2860|"U"|"U"
2862|"U"|"U"
2863|"U"|"U"
2866|"U"|"U"
2867|"U"|"U"
2873|"U"|"U"
2875|"U"|"U"
2881|"U"|"U"
2887|"U"|"U"
2888|"U"|"U"
2890|"U"|"U"
2892|"U"|"U"
2893|"U"|"U"
2895|"U"|"U"
2900|"U"|"U"
2902|"U"|"U"
2903|"U"|"U"
2905|"U"|"U"
2907|"U"|"U"
2911|"U"|"U"
2915|"U"|"U"
2916|"U"|"U"
2918|"U"|"U"
2923|"U"|"U"
2925|"U"|"U"
2926|"U"|"U"
2929|"U"|"U"
2930|"U"|"U"
2933|"U"|"U"
2935|"U"|"U"
2936|"U"|"U"
2939|"U"|"U"
2943|"U"|"U"
2944|"U"|"U"
2947|"U"|"U"
2948|"U"|"U"
2950|"U"|"U"
2951|"U"|"U"
2952|"U"|"U"
2953|"U"|"U"
2954|"U"|"U"
2955|"U"|"U"
2965|"U"|"U"
2966|"U"|"U"
2969|"U"|"U"
2978|"NC"|"NC"
2985|"U"|"U"
2987|"U"|"U"
2989|"U"|"U"
2992|"U"|"U"
2995|"U"|"U"
2996|"U"|"U"
2998|"U"|"U"
2999|"U"|"U"
3002|"U"|"U"
3003|"U"|"U"
3017|"U"|"U"
3018|"U"|"U"
3020|"U"|"U"
3021|"A"|"A"
3023|"U"|"U"
3025|"U"|"U"
3026|"U"|"U"
3027|"U"|"U"
3028|"U"|"U"
3029|"U"|"U"
3031|"U"|"U"
3032|"U"|"U"
3034|"U"|"U"
3036|"U"|"U"
3041|"U"|"U"
3045|"U"|"U"
3047|"U"|"U"
3048|"U"|"U"
3054|"U"|"U"
3056|"U"|"U"
3067|"AP"|"AP"
3068|"AP"|"AP"
3070|"AP"|"AP"
3078|"U"|"U"
3081|"U"|"U"
3082|"I"|"I"
3086|"RW"|"RW"
3087|"TH"|"TH"
3088|"TH"|"TH"
3090|"U"|"U"
3094|"U"|"U"
3096|"NDC"|"NDC"
3098|"NDC"|"NDC"
3099|"NDC"|"NDC"
3101|"NDC"|"NDC"
3102|"NDC"|"NDC"
3104|"NDC"|"NDC"
3105|"U"|"U"
3106|"U"|"U"
3107|"U"|"U"
3109|"U"|"U"
3111|"TH"|"TH"
3113|"U"|"U"
3114|"U"|"U"
3117|"MOC"|"MOC"
3118|"U"|"U"
3120|"I"|"I"
3123|"U"|"U"
3126|"U"|"U"
3135|"JF"|"JF"
3136|"JF"|"JF"
3141|"U"|"U"
3147|"U"|"U"
3149|"I"|"I"
3152|"I"|"I"
3153|"U"|"U"
3158|"I"|"I"
3159|"U"|"U"
3161|"U"|"U"
3170|"U"|"U"
